1,"[0.5035, 0.5946979069153147, 0.6931446237564087]",-1.2878425306717234,"conv1d:{'filters': 3, 'kernel_size': 8, 'kernel_initializer': 'glorot_uniform', 'activation': 'relu', 'name': 'conv1'}",identity:{},flatten:{},"dense:{'units': 3, 'activation': 'relu'}"
2,"[0.912, 0.27293583344713324, 0.24037310528755187]",-0.5133089387346851,"conv1d:{'filters': 3, 'kernel_size': 8, 'kernel_initializer': 'glorot_uniform', 'activation': 'relu', 'name': 'conv1'}",identity:{},flatten:{},"dense:{'units': 10, 'activation': 'relu'}"
3,"[0.787, 0.7595301996653873, 0.46598793840408326]",-1.2255181380694706,"conv1d:{'filters': 3, 'kernel_size': 8, 'kernel_initializer': 'glorot_uniform', 'activation': 'relu', 'name': 'conv1'}",identity:{},flatten:{},identity:{}
4,"[0.5035, 0.9743334874004628, 0.6931441149711609]",-1.6674776023716236,"conv1d:{'filters': 3, 'kernel_size': 8, 'kernel_initializer': 'glorot_uniform', 'activation': 'relu', 'name': 'conv1'}",identity:{},globalmaxpool1d:{},"dense:{'units': 3, 'activation': 'relu'}"
5,"[0.982, 0.14169220585809736, 0.06514154343307019]",-0.20683374929116755,"conv1d:{'filters': 3, 'kernel_size': 8, 'kernel_initializer': 'glorot_uniform', 'activation': 'relu', 'name': 'conv1'}",identity:{},globalmaxpool1d:{},"dense:{'units': 10, 'activation': 'relu'}"
6,"[0.51, 0.791917028815635, 0.6930882196426391]",-1.485005248458274,"conv1d:{'filters': 3, 'kernel_size': 8, 'kernel_initializer': 'glorot_uniform', 'activation': 'relu', 'name': 'conv1'}",identity:{},globalmaxpool1d:{},identity:{}
7,"[0.775, 0.3657924377929447, 0.5186735506057739]",-0.8844659883987186,"conv1d:{'filters': 3, 'kernel_size': 8, 'kernel_initializer': 'glorot_uniform', 'activation': 'relu', 'name': 'conv1'}",identity:{},globalavgpool1d:{},"dense:{'units': 3, 'activation': 'relu'}"
8,"[0.6985, 1.0560083942815714, 0.5769585061073303]",-1.6329669003889018,"conv1d:{'filters': 3, 'kernel_size': 8, 'kernel_initializer': 'glorot_uniform', 'activation': 'relu', 'name': 'conv1'}",identity:{},globalavgpool1d:{},"dense:{'units': 10, 'activation': 'relu'}"
9,"[0.6045, 1.654662608943254, 0.6766881170272827]",-2.3313507259705366,"conv1d:{'filters': 3, 'kernel_size': 8, 'kernel_initializer': 'glorot_uniform', 'activation': 'relu', 'name': 'conv1'}",identity:{},globalavgpool1d:{},identity:{}
10,"[0.766, 0.6790429635413874, 0.5028382768630981]",-1.1818812404044854,"conv1d:{'filters': 3, 'kernel_size': 8, 'kernel_initializer': 'glorot_uniform', 'activation': 'relu', 'name': 'conv1'}",identity:{},"sfc:{'output_dim': 10, 'symmetric': True, 'smoothness_penalty': 1.0, 'smoothness_l1': True, 'smoothness_second_diff': True, 'curvature_constraint': 10.0, 'name': 'sfc'}","dense:{'units': 3, 'activation': 'relu'}"
11,"[0.9795, 0.14317558095756797, 0.0749608034864068]",-0.21813638444397476,"conv1d:{'filters': 3, 'kernel_size': 8, 'kernel_initializer': 'glorot_uniform', 'activation': 'relu', 'name': 'conv1'}",identity:{},"sfc:{'output_dim': 10, 'symmetric': True, 'smoothness_penalty': 1.0, 'smoothness_l1': True, 'smoothness_second_diff': True, 'curvature_constraint': 10.0, 'name': 'sfc'}","dense:{'units': 10, 'activation': 'relu'}"
12,"[0.748, 0.5338790596012261, 0.5172838506698608]",-1.0511629102710869,"conv1d:{'filters': 3, 'kernel_size': 8, 'kernel_initializer': 'glorot_uniform', 'activation': 'relu', 'name': 'conv1'}",identity:{},"sfc:{'output_dim': 10, 'symmetric': True, 'smoothness_penalty': 1.0, 'smoothness_l1': True, 'smoothness_second_diff': True, 'curvature_constraint': 10.0, 'name': 'sfc'}",identity:{}
13,"[0.9525, 0.2513021023421982, 0.1491258935034275]",-0.4004279958456257,"conv1d:{'filters': 3, 'kernel_size': 8, 'kernel_initializer': 'glorot_uniform', 'activation': 'relu', 'name': 'conv1'}","maxpool1d:{'pool_size': 8, 'strides': 8}",flatten:{},"dense:{'units': 3, 'activation': 'relu'}"
14,"[0.982, 0.1408281890235874, 0.06891184157133103]",-0.20974003059491841,"conv1d:{'filters': 3, 'kernel_size': 8, 'kernel_initializer': 'glorot_uniform', 'activation': 'relu', 'name': 'conv1'}","maxpool1d:{'pool_size': 8, 'strides': 8}",flatten:{},"dense:{'units': 10, 'activation': 'relu'}"
15,"[0.508, 0.7101666418636211, 0.6950447163581848]",-1.405211358221806,"conv1d:{'filters': 3, 'kernel_size': 8, 'kernel_initializer': 'glorot_uniform', 'activation': 'relu', 'name': 'conv1'}","maxpool1d:{'pool_size': 8, 'strides': 8}",flatten:{},identity:{}
16,"[0.509, 0.9878115022397566, 0.6928309059143066]",-1.6806424081540632,"conv1d:{'filters': 3, 'kernel_size': 8, 'kernel_initializer': 'glorot_uniform', 'activation': 'relu', 'name': 'conv1'}","maxpool1d:{'pool_size': 8, 'strides': 8}",globalmaxpool1d:{},"dense:{'units': 3, 'activation': 'relu'}"
17,"[0.9295, 0.36709039227995743, 0.16811635446548462]",-0.535206746745442,"conv1d:{'filters': 3, 'kernel_size': 8, 'kernel_initializer': 'glorot_uniform', 'activation': 'relu', 'name': 'conv1'}","maxpool1d:{'pool_size': 8, 'strides': 8}",globalmaxpool1d:{},"dense:{'units': 10, 'activation': 'relu'}"
18,"[0.6695, 0.9948581566978327, 0.6017211513519287]",-1.5965793080497614,"conv1d:{'filters': 3, 'kernel_size': 8, 'kernel_initializer': 'glorot_uniform', 'activation': 'relu', 'name': 'conv1'}","maxpool1d:{'pool_size': 8, 'strides': 8}",globalmaxpool1d:{},identity:{}
19,"[0.9705, 0.3539155555671374, 0.11822644060850143]",-0.4721419961756388,"conv1d:{'filters': 3, 'kernel_size': 8, 'kernel_initializer': 'glorot_uniform', 'activation': 'relu', 'name': 'conv1'}","maxpool1d:{'pool_size': 8, 'strides': 8}",globalavgpool1d:{},"dense:{'units': 3, 'activation': 'relu'}"
20,"[0.981, 0.22603650423526037, 0.07114698296785354]",-0.29718348720311394,"conv1d:{'filters': 3, 'kernel_size': 8, 'kernel_initializer': 'glorot_uniform', 'activation': 'relu', 'name': 'conv1'}","maxpool1d:{'pool_size': 8, 'strides': 8}",globalavgpool1d:{},"dense:{'units': 10, 'activation': 'relu'}"
21,"[0.9395, 0.8944318712748448, 0.2728845303058624]",-1.1673164015807072,"conv1d:{'filters': 3, 'kernel_size': 8, 'kernel_initializer': 'glorot_uniform', 'activation': 'relu', 'name': 'conv1'}","maxpool1d:{'pool_size': 8, 'strides': 8}",globalavgpool1d:{},identity:{}
22,"[0.8675, 0.4370305164374927, 0.325276207447052]",-0.7623067238845447,"conv1d:{'filters': 3, 'kernel_size': 8, 'kernel_initializer': 'glorot_uniform', 'activation': 'relu', 'name': 'conv1'}","maxpool1d:{'pool_size': 8, 'strides': 8}","sfc:{'output_dim': 10, 'symmetric': True, 'smoothness_penalty': 1.0, 'smoothness_l1': True, 'smoothness_second_diff': True, 'curvature_constraint': 10.0, 'name': 'sfc'}","dense:{'units': 3, 'activation': 'relu'}"
23,"[0.98, 0.14013451089388984, 0.0752927892357111]",-0.21542730012960093,"conv1d:{'filters': 3, 'kernel_size': 8, 'kernel_initializer': 'glorot_uniform', 'activation': 'relu', 'name': 'conv1'}","maxpool1d:{'pool_size': 8, 'strides': 8}","sfc:{'output_dim': 10, 'symmetric': True, 'smoothness_penalty': 1.0, 'smoothness_l1': True, 'smoothness_second_diff': True, 'curvature_constraint': 10.0, 'name': 'sfc'}","dense:{'units': 10, 'activation': 'relu'}"
24,"[0.8295, 0.2622803018497284, 0.40086873626708985]",-0.6631490381168182,"conv1d:{'filters': 3, 'kernel_size': 8, 'kernel_initializer': 'glorot_uniform', 'activation': 'relu', 'name': 'conv1'}","maxpool1d:{'pool_size': 8, 'strides': 8}","sfc:{'output_dim': 10, 'symmetric': True, 'smoothness_penalty': 1.0, 'smoothness_l1': True, 'smoothness_second_diff': True, 'curvature_constraint': 10.0, 'name': 'sfc'}",identity:{}
25,"[0.829, 0.9595248828041842, 0.4182601647377014]",-1.3777850475418856,"conv1d:{'filters': 3, 'kernel_size': 8, 'kernel_initializer': 'glorot_uniform', 'activation': 'relu', 'name': 'conv1'}","avgpool1d:{'pool_size': 8, 'strides': 8}",flatten:{},"dense:{'units': 3, 'activation': 'relu'}"
26,"[0.9525, 0.38491277981341043, 0.13429753133654596]",-0.5192103111499564,"conv1d:{'filters': 3, 'kernel_size': 8, 'kernel_initializer': 'glorot_uniform', 'activation': 'relu', 'name': 'conv1'}","avgpool1d:{'pool_size': 8, 'strides': 8}",flatten:{},"dense:{'units': 10, 'activation': 'relu'}"
27,"[0.8465, 0.734377683464007, 0.3681571283340454]",-1.1025348117980525,"conv1d:{'filters': 3, 'kernel_size': 8, 'kernel_initializer': 'glorot_uniform', 'activation': 'relu', 'name': 'conv1'}","avgpool1d:{'pool_size': 8, 'strides': 8}",flatten:{},identity:{}
28,"[0.9395, 0.48872964657455253, 0.17441277211904527]",-0.6631424186935978,"conv1d:{'filters': 3, 'kernel_size': 8, 'kernel_initializer': 'glorot_uniform', 'activation': 'relu', 'name': 'conv1'}","avgpool1d:{'pool_size': 8, 'strides': 8}",globalmaxpool1d:{},"dense:{'units': 3, 'activation': 'relu'}"
29,"[0.983, 0.16817820493081476, 0.05746607096493244]",-0.2256442758957472,"conv1d:{'filters': 3, 'kernel_size': 8, 'kernel_initializer': 'glorot_uniform', 'activation': 'relu', 'name': 'conv1'}","avgpool1d:{'pool_size': 8, 'strides': 8}",globalmaxpool1d:{},"dense:{'units': 10, 'activation': 'relu'}"
30,"[0.917, 0.9151676419308581, 0.208414830327034]",-1.1235824722578922,"conv1d:{'filters': 3, 'kernel_size': 8, 'kernel_initializer': 'glorot_uniform', 'activation': 'relu', 'name': 'conv1'}","avgpool1d:{'pool_size': 8, 'strides': 8}",globalmaxpool1d:{},identity:{}
31,"[0.7215, 1.0156965280267902, 0.5638766593933106]",-1.5795731874201007,"conv1d:{'filters': 3, 'kernel_size': 8, 'kernel_initializer': 'glorot_uniform', 'activation': 'relu', 'name': 'conv1'}","avgpool1d:{'pool_size': 8, 'strides': 8}",globalavgpool1d:{},"dense:{'units': 3, 'activation': 'relu'}"
32,"[0.663, 1.076557298291853, 0.6146707015037537]",-1.6912279997956068,"conv1d:{'filters': 3, 'kernel_size': 8, 'kernel_initializer': 'glorot_uniform', 'activation': 'relu', 'name': 'conv1'}","avgpool1d:{'pool_size': 8, 'strides': 8}",globalavgpool1d:{},"dense:{'units': 10, 'activation': 'relu'}"
33,"[0.687, 0.6379232593037751, 0.6433300409317017]",-1.281253300235477,"conv1d:{'filters': 3, 'kernel_size': 8, 'kernel_initializer': 'glorot_uniform', 'activation': 'relu', 'name': 'conv1'}","avgpool1d:{'pool_size': 8, 'strides': 8}",globalavgpool1d:{},identity:{}
34,"[0.9825, 0.1472413176529469, 0.062051518321037294]",-0.20929283597398418,"conv1d:{'filters': 3, 'kernel_size': 8, 'kernel_initializer': 'glorot_uniform', 'activation': 'relu', 'name': 'conv1'}","avgpool1d:{'pool_size': 8, 'strides': 8}","sfc:{'output_dim': 10, 'symmetric': True, 'smoothness_penalty': 1.0, 'smoothness_l1': True, 'smoothness_second_diff': True, 'curvature_constraint': 10.0, 'name': 'sfc'}","dense:{'units': 3, 'activation': 'relu'}"
35,"[0.7405, 0.6336773453678327, 0.5275162825584412]",-1.161193627926274,"conv1d:{'filters': 3, 'kernel_size': 8, 'kernel_initializer': 'glorot_uniform', 'activation': 'relu', 'name': 'conv1'}","avgpool1d:{'pool_size': 8, 'strides': 8}","sfc:{'output_dim': 10, 'symmetric': True, 'smoothness_penalty': 1.0, 'smoothness_l1': True, 'smoothness_second_diff': True, 'curvature_constraint': 10.0, 'name': 'sfc'}","dense:{'units': 10, 'activation': 'relu'}"
36,"[0.743, 0.8854984838611236, 0.5452139277458191]",-1.4307124116069427,"conv1d:{'filters': 3, 'kernel_size': 8, 'kernel_initializer': 'glorot_uniform', 'activation': 'relu', 'name': 'conv1'}","avgpool1d:{'pool_size': 8, 'strides': 8}","sfc:{'output_dim': 10, 'symmetric': True, 'smoothness_penalty': 1.0, 'smoothness_l1': True, 'smoothness_second_diff': True, 'curvature_constraint': 10.0, 'name': 'sfc'}",identity:{}
37,"[0.5035, 0.6387264827417479, 0.6931261811256408]",-1.3318526638673887,"conv1d:{'filters': 3, 'kernel_size': 14, 'kernel_initializer': 'glorot_uniform', 'activation': 'relu', 'name': 'conv1'}",identity:{},flatten:{},"dense:{'units': 3, 'activation': 'relu'}"
38,"[0.5245, 0.8057632785418377, 0.6919744462966919]",-1.4977377248385295,"conv1d:{'filters': 3, 'kernel_size': 14, 'kernel_initializer': 'glorot_uniform', 'activation': 'relu', 'name': 'conv1'}",identity:{},flatten:{},"dense:{'units': 10, 'activation': 'relu'}"
39,"[0.9475, 1.1146801271180236, 0.14890546530485152]",-1.2635855924228752,"conv1d:{'filters': 3, 'kernel_size': 14, 'kernel_initializer': 'glorot_uniform', 'activation': 'relu', 'name': 'conv1'}",identity:{},flatten:{},identity:{}
40,"[0.937, 0.22912867118486294, 0.19305695378780366]",-0.4221856249726666,"conv1d:{'filters': 3, 'kernel_size': 14, 'kernel_initializer': 'glorot_uniform', 'activation': 'relu', 'name': 'conv1'}",identity:{},globalmaxpool1d:{},"dense:{'units': 3, 'activation': 'relu'}"
41,"[0.512, 0.7549026091621495, 0.6926198282241821]",-1.4475224373863316,"conv1d:{'filters': 3, 'kernel_size': 14, 'kernel_initializer': 'glorot_uniform', 'activation': 'relu', 'name': 'conv1'}",identity:{},globalmaxpool1d:{},"dense:{'units': 10, 'activation': 'relu'}"
42,"[0.985, 0.1476745125127312, 0.08214843612909317]",-0.22982294864182437,"conv1d:{'filters': 3, 'kernel_size': 14, 'kernel_initializer': 'glorot_uniform', 'activation': 'relu', 'name': 'conv1'}",identity:{},globalmaxpool1d:{},identity:{}
43,"[0.7775, 1.37349627871484, 0.48540816020965577]",-1.8589044389244958,"conv1d:{'filters': 3, 'kernel_size': 14, 'kernel_initializer': 'glorot_uniform', 'activation': 'relu', 'name': 'conv1'}",identity:{},globalavgpool1d:{},"dense:{'units': 3, 'activation': 'relu'}"
44,"[0.7845, 0.8699915738425852, 0.489305881023407]",-1.3592974548659922,"conv1d:{'filters': 3, 'kernel_size': 14, 'kernel_initializer': 'glorot_uniform', 'activation': 'relu', 'name': 'conv1'}",identity:{},globalavgpool1d:{},"dense:{'units': 10, 'activation': 'relu'}"
45,"[0.612, 1.653102468807114, 0.6563423075675965]",-2.3094447763747104,"conv1d:{'filters': 3, 'kernel_size': 14, 'kernel_initializer': 'glorot_uniform', 'activation': 'relu', 'name': 'conv1'}",identity:{},globalavgpool1d:{},identity:{}
46,"[0.983, 0.052795290086708996, 0.06487545906752348]",-0.11767074915423248,"conv1d:{'filters': 3, 'kernel_size': 14, 'kernel_initializer': 'glorot_uniform', 'activation': 'relu', 'name': 'conv1'}",identity:{},"sfc:{'output_dim': 10, 'symmetric': True, 'smoothness_penalty': 1.0, 'smoothness_l1': True, 'smoothness_second_diff': True, 'curvature_constraint': 10.0, 'name': 'sfc'}","dense:{'units': 3, 'activation': 'relu'}"
47,"[0.984, 0.07317597630590983, 0.052821252129971984]",-0.12599722843588182,"conv1d:{'filters': 3, 'kernel_size': 14, 'kernel_initializer': 'glorot_uniform', 'activation': 'relu', 'name': 'conv1'}",identity:{},"sfc:{'output_dim': 10, 'symmetric': True, 'smoothness_penalty': 1.0, 'smoothness_l1': True, 'smoothness_second_diff': True, 'curvature_constraint': 10.0, 'name': 'sfc'}","dense:{'units': 10, 'activation': 'relu'}"
48,"[0.98, 0.07408428524811099, 0.08152658116817474]",-0.15561086641628574,"conv1d:{'filters': 3, 'kernel_size': 14, 'kernel_initializer': 'glorot_uniform', 'activation': 'relu', 'name': 'conv1'}",identity:{},"sfc:{'output_dim': 10, 'symmetric': True, 'smoothness_penalty': 1.0, 'smoothness_l1': True, 'smoothness_second_diff': True, 'curvature_constraint': 10.0, 'name': 'sfc'}",identity:{}
49,"[0.514, 0.7609167862468138, 0.6925833978652954]",-1.4535001841121091,"conv1d:{'filters': 3, 'kernel_size': 14, 'kernel_initializer': 'glorot_uniform', 'activation': 'relu', 'name': 'conv1'}","maxpool1d:{'pool_size': 8, 'strides': 8}",flatten:{},"dense:{'units': 3, 'activation': 'relu'}"
50,"[0.977, 0.09006916065651696, 0.07545200669765473]",-0.1655211673541717,"conv1d:{'filters': 3, 'kernel_size': 14, 'kernel_initializer': 'glorot_uniform', 'activation': 'relu', 'name': 'conv1'}","maxpool1d:{'pool_size': 8, 'strides': 8}",flatten:{},"dense:{'units': 10, 'activation': 'relu'}"
51,"[0.493, 0.6882444412601566, 0.695220461845398]",-1.3834649031055546,"conv1d:{'filters': 3, 'kernel_size': 14, 'kernel_initializer': 'glorot_uniform', 'activation': 'relu', 'name': 'conv1'}","maxpool1d:{'pool_size': 8, 'strides': 8}",flatten:{},identity:{}
52,"[0.9795, 0.06851622675106228, 0.07562542337179184]",-0.14414165012285413,"conv1d:{'filters': 3, 'kernel_size': 14, 'kernel_initializer': 'glorot_uniform', 'activation': 'relu', 'name': 'conv1'}","maxpool1d:{'pool_size': 8, 'strides': 8}",globalmaxpool1d:{},"dense:{'units': 3, 'activation': 'relu'}"
53,"[0.9755, 0.054103477577697845, 0.08930001246929169]",-0.14340349004698955,"conv1d:{'filters': 3, 'kernel_size': 14, 'kernel_initializer': 'glorot_uniform', 'activation': 'relu', 'name': 'conv1'}","maxpool1d:{'pool_size': 8, 'strides': 8}",globalmaxpool1d:{},"dense:{'units': 10, 'activation': 'relu'}"
54,"[0.966, 0.27942400097782794, 0.15054774868488313]",-0.42997174966271107,"conv1d:{'filters': 3, 'kernel_size': 14, 'kernel_initializer': 'glorot_uniform', 'activation': 'relu', 'name': 'conv1'}","maxpool1d:{'pool_size': 8, 'strides': 8}",globalmaxpool1d:{},identity:{}
55,"[0.5035, 0.7531098950830151, 0.6931456732749939]",-1.446255568358009,"conv1d:{'filters': 3, 'kernel_size': 14, 'kernel_initializer': 'glorot_uniform', 'activation': 'relu', 'name': 'conv1'}","maxpool1d:{'pool_size': 8, 'strides': 8}",globalavgpool1d:{},"dense:{'units': 3, 'activation': 'relu'}"
56,"[0.9745, 0.4540162918482137, 0.0979823157042265]",-0.5519986075524401,"conv1d:{'filters': 3, 'kernel_size': 14, 'kernel_initializer': 'glorot_uniform', 'activation': 'relu', 'name': 'conv1'}","maxpool1d:{'pool_size': 8, 'strides': 8}",globalavgpool1d:{},"dense:{'units': 10, 'activation': 'relu'}"
57,"[0.944, 1.6831258812845724, 0.22745291459560393]",-1.9105787958801763,"conv1d:{'filters': 3, 'kernel_size': 14, 'kernel_initializer': 'glorot_uniform', 'activation': 'relu', 'name': 'conv1'}","maxpool1d:{'pool_size': 8, 'strides': 8}",globalavgpool1d:{},identity:{}
58,"[0.802, 0.15619811131727251, 0.473347484588623]",-0.6295455959058955,"conv1d:{'filters': 3, 'kernel_size': 14, 'kernel_initializer': 'glorot_uniform', 'activation': 'relu', 'name': 'conv1'}","maxpool1d:{'pool_size': 8, 'strides': 8}","sfc:{'output_dim': 10, 'symmetric': True, 'smoothness_penalty': 1.0, 'smoothness_l1': True, 'smoothness_second_diff': True, 'curvature_constraint': 10.0, 'name': 'sfc'}","dense:{'units': 3, 'activation': 'relu'}"
59,"[0.972, 0.12750236574468277, 0.10629897284507751]",-0.23380133858976027,"conv1d:{'filters': 3, 'kernel_size': 14, 'kernel_initializer': 'glorot_uniform', 'activation': 'relu', 'name': 'conv1'}","maxpool1d:{'pool_size': 8, 'strides': 8}","sfc:{'output_dim': 10, 'symmetric': True, 'smoothness_penalty': 1.0, 'smoothness_l1': True, 'smoothness_second_diff': True, 'curvature_constraint': 10.0, 'name': 'sfc'}","dense:{'units': 10, 'activation': 'relu'}"
60,"[0.974, 0.08960019051930768, 0.09609357361495495]",-0.18569376413426264,"conv1d:{'filters': 3, 'kernel_size': 14, 'kernel_initializer': 'glorot_uniform', 'activation': 'relu', 'name': 'conv1'}","maxpool1d:{'pool_size': 8, 'strides': 8}","sfc:{'output_dim': 10, 'symmetric': True, 'smoothness_penalty': 1.0, 'smoothness_l1': True, 'smoothness_second_diff': True, 'curvature_constraint': 10.0, 'name': 'sfc'}",identity:{}
61,"[0.966, 0.20466989185083795, 0.12204748690128327]",-0.3267173787521212,"conv1d:{'filters': 3, 'kernel_size': 14, 'kernel_initializer': 'glorot_uniform', 'activation': 'relu', 'name': 'conv1'}","avgpool1d:{'pool_size': 8, 'strides': 8}",flatten:{},"dense:{'units': 3, 'activation': 'relu'}"
62,"[0.893, 0.764217336382495, 0.2617695242166519]",-1.025986860599147,"conv1d:{'filters': 3, 'kernel_size': 14, 'kernel_initializer': 'glorot_uniform', 'activation': 'relu', 'name': 'conv1'}","avgpool1d:{'pool_size': 8, 'strides': 8}",flatten:{},"dense:{'units': 10, 'activation': 'relu'}"
63,"[0.853, 1.2273251046311833, 0.362409245967865]",-1.5897343505990482,"conv1d:{'filters': 3, 'kernel_size': 14, 'kernel_initializer': 'glorot_uniform', 'activation': 'relu', 'name': 'conv1'}","avgpool1d:{'pool_size': 8, 'strides': 8}",flatten:{},identity:{}
64,"[0.898, 0.6464136132121013, 0.2783580117225647]",-0.924771624934666,"conv1d:{'filters': 3, 'kernel_size': 14, 'kernel_initializer': 'glorot_uniform', 'activation': 'relu', 'name': 'conv1'}","avgpool1d:{'pool_size': 8, 'strides': 8}",globalmaxpool1d:{},"dense:{'units': 3, 'activation': 'relu'}"
65,"[0.9785, 0.3103765267659546, 0.0833106442540884]",-0.393687171020043,"conv1d:{'filters': 3, 'kernel_size': 14, 'kernel_initializer': 'glorot_uniform', 'activation': 'relu', 'name': 'conv1'}","avgpool1d:{'pool_size': 8, 'strides': 8}",globalmaxpool1d:{},"dense:{'units': 10, 'activation': 'relu'}"
66,"[0.903, 0.7436925843244937, 0.2530627574920654]",-0.9967553418165591,"conv1d:{'filters': 3, 'kernel_size': 14, 'kernel_initializer': 'glorot_uniform', 'activation': 'relu', 'name': 'conv1'}","avgpool1d:{'pool_size': 8, 'strides': 8}",globalmaxpool1d:{},identity:{}
67,"[0.779, 1.4948848744580414, 0.47970540189743044]",-1.974590276355472,"conv1d:{'filters': 3, 'kernel_size': 14, 'kernel_initializer': 'glorot_uniform', 'activation': 'relu', 'name': 'conv1'}","avgpool1d:{'pool_size': 8, 'strides': 8}",globalavgpool1d:{},"dense:{'units': 3, 'activation': 'relu'}"
68,"[0.7635, 1.5716410086148282, 0.4970733003616333]",-2.0687143089764617,"conv1d:{'filters': 3, 'kernel_size': 14, 'kernel_initializer': 'glorot_uniform', 'activation': 'relu', 'name': 'conv1'}","avgpool1d:{'pool_size': 8, 'strides': 8}",globalavgpool1d:{},"dense:{'units': 10, 'activation': 'relu'}"
69,"[0.8245, 2.7431597876250997, 0.4700400824546814]",-3.213199870079781,"conv1d:{'filters': 3, 'kernel_size': 14, 'kernel_initializer': 'glorot_uniform', 'activation': 'relu', 'name': 'conv1'}","avgpool1d:{'pool_size': 8, 'strides': 8}",globalavgpool1d:{},identity:{}
70,"[0.985, 0.09474634060438268, 0.07254461508989334]",-0.16729095569427602,"conv1d:{'filters': 3, 'kernel_size': 14, 'kernel_initializer': 'glorot_uniform', 'activation': 'relu', 'name': 'conv1'}","avgpool1d:{'pool_size': 8, 'strides': 8}","sfc:{'output_dim': 10, 'symmetric': True, 'smoothness_penalty': 1.0, 'smoothness_l1': True, 'smoothness_second_diff': True, 'curvature_constraint': 10.0, 'name': 'sfc'}","dense:{'units': 3, 'activation': 'relu'}"
71,"[0.9335, 0.5037623567624958, 0.19647784346342087]",-0.7002402002259167,"conv1d:{'filters': 3, 'kernel_size': 14, 'kernel_initializer': 'glorot_uniform', 'activation': 'relu', 'name': 'conv1'}","avgpool1d:{'pool_size': 8, 'strides': 8}","sfc:{'output_dim': 10, 'symmetric': True, 'smoothness_penalty': 1.0, 'smoothness_l1': True, 'smoothness_second_diff': True, 'curvature_constraint': 10.0, 'name': 'sfc'}","dense:{'units': 10, 'activation': 'relu'}"
72,"[0.8925, 0.7854198868954362, 0.2655518363714218]",-1.050971723266858,"conv1d:{'filters': 3, 'kernel_size': 14, 'kernel_initializer': 'glorot_uniform', 'activation': 'relu', 'name': 'conv1'}","avgpool1d:{'pool_size': 8, 'strides': 8}","sfc:{'output_dim': 10, 'symmetric': True, 'smoothness_penalty': 1.0, 'smoothness_l1': True, 'smoothness_second_diff': True, 'curvature_constraint': 10.0, 'name': 'sfc'}",identity:{}
73,"[0.523, 0.7106516829634967, 0.6910896520614624]",-1.4017413350249592,"conv1d:{'filters': 3, 'kernel_size': 20, 'kernel_initializer': 'glorot_uniform', 'activation': 'relu', 'name': 'conv1'}",identity:{},flatten:{},"dense:{'units': 3, 'activation': 'relu'}"
74,"[0.89, 0.4972104161204497, 0.32272154933214187]",-0.8199319654525916,"conv1d:{'filters': 3, 'kernel_size': 20, 'kernel_initializer': 'glorot_uniform', 'activation': 'relu', 'name': 'conv1'}",identity:{},flatten:{},"dense:{'units': 10, 'activation': 'relu'}"
75,"[0.97, 0.42074540982324016, 0.10506807120144367]",-0.5258134810246838,"conv1d:{'filters': 3, 'kernel_size': 20, 'kernel_initializer': 'glorot_uniform', 'activation': 'relu', 'name': 'conv1'}",identity:{},flatten:{},identity:{}
76,"[0.9445, 0.13442899312615395, 0.19826285183429718]",-0.3326918449604511,"conv1d:{'filters': 3, 'kernel_size': 20, 'kernel_initializer': 'glorot_uniform', 'activation': 'relu', 'name': 'conv1'}",identity:{},globalmaxpool1d:{},"dense:{'units': 3, 'activation': 'relu'}"
77,"[0.957, 0.13869003255079443, 0.16277746537327767]",-0.3014674979240721,"conv1d:{'filters': 3, 'kernel_size': 20, 'kernel_initializer': 'glorot_uniform', 'activation': 'relu', 'name': 'conv1'}",identity:{},globalmaxpool1d:{},"dense:{'units': 10, 'activation': 'relu'}"
78,"[0.9395, 0.30998770490274985, 0.2190593279004097]",-0.5290470328031596,"conv1d:{'filters': 3, 'kernel_size': 20, 'kernel_initializer': 'glorot_uniform', 'activation': 'relu', 'name': 'conv1'}",identity:{},globalmaxpool1d:{},identity:{}
79,"[0.6665, 0.932268428317352, 0.6152595310211182]",-1.54752795933847,"conv1d:{'filters': 3, 'kernel_size': 20, 'kernel_initializer': 'glorot_uniform', 'activation': 'relu', 'name': 'conv1'}",identity:{},globalavgpool1d:{},"dense:{'units': 3, 'activation': 'relu'}"
80,"[0.8575, 0.9383743012325059, 0.3500959494113922]",-1.288470250643898,"conv1d:{'filters': 3, 'kernel_size': 20, 'kernel_initializer': 'glorot_uniform', 'activation': 'relu', 'name': 'conv1'}",identity:{},globalavgpool1d:{},"dense:{'units': 10, 'activation': 'relu'}"
81,"[0.6105, 1.1036124803399814, 0.6586483869552612]",-1.7622608672952427,"conv1d:{'filters': 3, 'kernel_size': 20, 'kernel_initializer': 'glorot_uniform', 'activation': 'relu', 'name': 'conv1'}",identity:{},globalavgpool1d:{},identity:{}
82,"[0.977, 0.04710470799688334, 0.08382841774821281]",-0.13093312574509616,"conv1d:{'filters': 3, 'kernel_size': 20, 'kernel_initializer': 'glorot_uniform', 'activation': 'relu', 'name': 'conv1'}",identity:{},"sfc:{'output_dim': 10, 'symmetric': True, 'smoothness_penalty': 1.0, 'smoothness_l1': True, 'smoothness_second_diff': True, 'curvature_constraint': 10.0, 'name': 'sfc'}","dense:{'units': 3, 'activation': 'relu'}"
83,"[0.961, 0.04416781680716894, 0.1093423635661602]",-0.15351018037332914,"conv1d:{'filters': 3, 'kernel_size': 20, 'kernel_initializer': 'glorot_uniform', 'activation': 'relu', 'name': 'conv1'}",identity:{},"sfc:{'output_dim': 10, 'symmetric': True, 'smoothness_penalty': 1.0, 'smoothness_l1': True, 'smoothness_second_diff': True, 'curvature_constraint': 10.0, 'name': 'sfc'}","dense:{'units': 10, 'activation': 'relu'}"
84,"[0.971, 0.047880907777635595, 0.11335733443498612]",-0.16123824221262173,"conv1d:{'filters': 3, 'kernel_size': 20, 'kernel_initializer': 'glorot_uniform', 'activation': 'relu', 'name': 'conv1'}",identity:{},"sfc:{'output_dim': 10, 'symmetric': True, 'smoothness_penalty': 1.0, 'smoothness_l1': True, 'smoothness_second_diff': True, 'curvature_constraint': 10.0, 'name': 'sfc'}",identity:{}
85,"[0.5045, 0.7179373979507849, 0.692425754070282]",-1.4103631520210669,"conv1d:{'filters': 3, 'kernel_size': 20, 'kernel_initializer': 'glorot_uniform', 'activation': 'relu', 'name': 'conv1'}","maxpool1d:{'pool_size': 8, 'strides': 8}",flatten:{},"dense:{'units': 3, 'activation': 'relu'}"
86,"[0.9755, 0.06188840038064502, 0.0981298208758235]",-0.16001822125646853,"conv1d:{'filters': 3, 'kernel_size': 20, 'kernel_initializer': 'glorot_uniform', 'activation': 'relu', 'name': 'conv1'}","maxpool1d:{'pool_size': 8, 'strides': 8}",flatten:{},"dense:{'units': 10, 'activation': 'relu'}"
87,"[0.974, 0.17015845959504927, 0.10028031009435653]",-0.27043876968940583,"conv1d:{'filters': 3, 'kernel_size': 20, 'kernel_initializer': 'glorot_uniform', 'activation': 'relu', 'name': 'conv1'}","maxpool1d:{'pool_size': 8, 'strides': 8}",flatten:{},identity:{}
88,"[0.941, 0.06660848251512883, 0.20973049259185791]",-0.27633897510698674,"conv1d:{'filters': 3, 'kernel_size': 20, 'kernel_initializer': 'glorot_uniform', 'activation': 'relu', 'name': 'conv1'}","maxpool1d:{'pool_size': 8, 'strides': 8}",globalmaxpool1d:{},"dense:{'units': 3, 'activation': 'relu'}"
89,"[0.956, 0.08028538531116654, 0.15408795657753943]",-0.23437334188870595,"conv1d:{'filters': 3, 'kernel_size': 20, 'kernel_initializer': 'glorot_uniform', 'activation': 'relu', 'name': 'conv1'}","maxpool1d:{'pool_size': 8, 'strides': 8}",globalmaxpool1d:{},"dense:{'units': 10, 'activation': 'relu'}"
90,"[0.954, 0.16299404628732964, 0.16597964948415755]",-0.32897369577148716,"conv1d:{'filters': 3, 'kernel_size': 20, 'kernel_initializer': 'glorot_uniform', 'activation': 'relu', 'name': 'conv1'}","maxpool1d:{'pool_size': 8, 'strides': 8}",globalmaxpool1d:{},identity:{}
91,"[0.6465, 1.1282227448646887, 0.6478600630760193]",-1.7760828079407078,"conv1d:{'filters': 3, 'kernel_size': 20, 'kernel_initializer': 'glorot_uniform', 'activation': 'relu', 'name': 'conv1'}","maxpool1d:{'pool_size': 8, 'strides': 8}",globalavgpool1d:{},"dense:{'units': 3, 'activation': 'relu'}"
92,"[0.949, 0.2987356183475952, 0.1849256855249405]",-0.4836613038725357,"conv1d:{'filters': 3, 'kernel_size': 20, 'kernel_initializer': 'glorot_uniform', 'activation': 'relu', 'name': 'conv1'}","maxpool1d:{'pool_size': 8, 'strides': 8}",globalavgpool1d:{},"dense:{'units': 10, 'activation': 'relu'}"
93,"[0.594, 1.310056530868281, 0.6705454702377319]",-1.9806020011060128,"conv1d:{'filters': 3, 'kernel_size': 20, 'kernel_initializer': 'glorot_uniform', 'activation': 'relu', 'name': 'conv1'}","maxpool1d:{'pool_size': 8, 'strides': 8}",globalavgpool1d:{},identity:{}
94,"[0.7795, 0.32963607912094506, 0.4847224943637848]",-0.8143585734847298,"conv1d:{'filters': 3, 'kernel_size': 20, 'kernel_initializer': 'glorot_uniform', 'activation': 'relu', 'name': 'conv1'}","maxpool1d:{'pool_size': 8, 'strides': 8}","sfc:{'output_dim': 10, 'symmetric': True, 'smoothness_penalty': 1.0, 'smoothness_l1': True, 'smoothness_second_diff': True, 'curvature_constraint': 10.0, 'name': 'sfc'}","dense:{'units': 3, 'activation': 'relu'}"
95,"[0.966, 0.04748430950533298, 0.11696074390411378]",-0.16444505340944676,"conv1d:{'filters': 3, 'kernel_size': 20, 'kernel_initializer': 'glorot_uniform', 'activation': 'relu', 'name': 'conv1'}","maxpool1d:{'pool_size': 8, 'strides': 8}","sfc:{'output_dim': 10, 'symmetric': True, 'smoothness_penalty': 1.0, 'smoothness_l1': True, 'smoothness_second_diff': True, 'curvature_constraint': 10.0, 'name': 'sfc'}","dense:{'units': 10, 'activation': 'relu'}"
96,"[0.955, 0.07603344257298088, 0.12870971089601516]",-0.20474315346899602,"conv1d:{'filters': 3, 'kernel_size': 20, 'kernel_initializer': 'glorot_uniform', 'activation': 'relu', 'name': 'conv1'}","maxpool1d:{'pool_size': 8, 'strides': 8}","sfc:{'output_dim': 10, 'symmetric': True, 'smoothness_penalty': 1.0, 'smoothness_l1': True, 'smoothness_second_diff': True, 'curvature_constraint': 10.0, 'name': 'sfc'}",identity:{}
97,"[0.953, 0.2554401181571505, 0.1513342467546463]",-0.4067743649117968,"conv1d:{'filters': 3, 'kernel_size': 20, 'kernel_initializer': 'glorot_uniform', 'activation': 'relu', 'name': 'conv1'}","avgpool1d:{'pool_size': 8, 'strides': 8}",flatten:{},"dense:{'units': 3, 'activation': 'relu'}"
98,"[0.9375, 0.19264398039780817, 0.2006670812368393]",-0.39331106163464746,"conv1d:{'filters': 3, 'kernel_size': 20, 'kernel_initializer': 'glorot_uniform', 'activation': 'relu', 'name': 'conv1'}","avgpool1d:{'pool_size': 8, 'strides': 8}",flatten:{},"dense:{'units': 10, 'activation': 'relu'}"
99,"[0.8865, 1.0039262838103384, 0.306769140958786]",-1.3106954247691245,"conv1d:{'filters': 3, 'kernel_size': 20, 'kernel_initializer': 'glorot_uniform', 'activation': 'relu', 'name': 'conv1'}","avgpool1d:{'pool_size': 8, 'strides': 8}",flatten:{},identity:{}
100,"[0.525, 0.8960331720290321, 0.6917415652275085]",-1.5877747372565407,"conv1d:{'filters': 3, 'kernel_size': 20, 'kernel_initializer': 'glorot_uniform', 'activation': 'relu', 'name': 'conv1'}","avgpool1d:{'pool_size': 8, 'strides': 8}",globalmaxpool1d:{},"dense:{'units': 3, 'activation': 'relu'}"
101,"[0.916, 0.6610796736829242, 0.2525846439003944]",-0.9136643175833186,"conv1d:{'filters': 3, 'kernel_size': 20, 'kernel_initializer': 'glorot_uniform', 'activation': 'relu', 'name': 'conv1'}","avgpool1d:{'pool_size': 8, 'strides': 8}",globalmaxpool1d:{},"dense:{'units': 10, 'activation': 'relu'}"
102,"[0.512, 0.763143603743803, 0.6928802123069763]",-1.4560238160507792,"conv1d:{'filters': 3, 'kernel_size': 20, 'kernel_initializer': 'glorot_uniform', 'activation': 'relu', 'name': 'conv1'}","avgpool1d:{'pool_size': 8, 'strides': 8}",globalmaxpool1d:{},identity:{}
103,"[0.7555, 0.7779286140252366, 0.5417421021461487]",-1.3196707161713852,"conv1d:{'filters': 3, 'kernel_size': 20, 'kernel_initializer': 'glorot_uniform', 'activation': 'relu', 'name': 'conv1'}","avgpool1d:{'pool_size': 8, 'strides': 8}",globalavgpool1d:{},"dense:{'units': 3, 'activation': 'relu'}"
104,"[0.7145, 1.2867076358305727, 0.5761264252662659]",-1.8628340610968386,"conv1d:{'filters': 3, 'kernel_size': 20, 'kernel_initializer': 'glorot_uniform', 'activation': 'relu', 'name': 'conv1'}","avgpool1d:{'pool_size': 8, 'strides': 8}",globalavgpool1d:{},"dense:{'units': 10, 'activation': 'relu'}"
105,"[0.687, 1.4019539761567081, 0.6002744026184083]",-2.0022283787751163,"conv1d:{'filters': 3, 'kernel_size': 20, 'kernel_initializer': 'glorot_uniform', 'activation': 'relu', 'name': 'conv1'}","avgpool1d:{'pool_size': 8, 'strides': 8}",globalavgpool1d:{},identity:{}
106,"[0.9215, 0.5645125069434442, 0.22569781827926635]",-0.7902103252227106,"conv1d:{'filters': 3, 'kernel_size': 20, 'kernel_initializer': 'glorot_uniform', 'activation': 'relu', 'name': 'conv1'}","avgpool1d:{'pool_size': 8, 'strides': 8}","sfc:{'output_dim': 10, 'symmetric': True, 'smoothness_penalty': 1.0, 'smoothness_l1': True, 'smoothness_second_diff': True, 'curvature_constraint': 10.0, 'name': 'sfc'}","dense:{'units': 3, 'activation': 'relu'}"
107,"[0.931, 0.4963743852029223, 0.2209788556098938]",-0.7173532408128162,"conv1d:{'filters': 3, 'kernel_size': 20, 'kernel_initializer': 'glorot_uniform', 'activation': 'relu', 'name': 'conv1'}","avgpool1d:{'pool_size': 8, 'strides': 8}","sfc:{'output_dim': 10, 'symmetric': True, 'smoothness_penalty': 1.0, 'smoothness_l1': True, 'smoothness_second_diff': True, 'curvature_constraint': 10.0, 'name': 'sfc'}","dense:{'units': 10, 'activation': 'relu'}"
108,"[0.974, 0.17786869524615004, 0.10802816423773766]",-0.2858968594838877,"conv1d:{'filters': 3, 'kernel_size': 20, 'kernel_initializer': 'glorot_uniform', 'activation': 'relu', 'name': 'conv1'}","avgpool1d:{'pool_size': 8, 'strides': 8}","sfc:{'output_dim': 10, 'symmetric': True, 'smoothness_penalty': 1.0, 'smoothness_l1': True, 'smoothness_second_diff': True, 'curvature_constraint': 10.0, 'name': 'sfc'}",identity:{}
109,"[0.5055, 0.9691246224079425, 0.6984661931991577]",-1.6675908156071002,"denovo:{'filters': 3, 'kernel_size': 8, 'lambda_pos': 0.0001, 'lambda_l1': 0.0001, 'lambda_filter': 1e-08, 'name': 'conv1'}",identity:{},flatten:{},"dense:{'units': 3, 'activation': 'relu'}"
110,"[0.4965, 0.8055057358796011, 0.6931481504440308]",-1.4986538863236318,"denovo:{'filters': 3, 'kernel_size': 8, 'lambda_pos': 0.0001, 'lambda_l1': 0.0001, 'lambda_filter': 1e-08, 'name': 'conv1'}",identity:{},flatten:{},"dense:{'units': 10, 'activation': 'relu'}"
111,"[0.6055, 0.8959600032845108, 0.6700861105918884]",-1.566046113876399,"denovo:{'filters': 3, 'kernel_size': 8, 'lambda_pos': 0.0001, 'lambda_l1': 0.0001, 'lambda_filter': 1e-08, 'name': 'conv1'}",identity:{},flatten:{},identity:{}
112,"[0.9795, 0.18288721619404538, 0.14881434249877928]",-0.3317015586928247,"denovo:{'filters': 3, 'kernel_size': 8, 'lambda_pos': 0.0001, 'lambda_l1': 0.0001, 'lambda_filter': 1e-08, 'name': 'conv1'}",identity:{},globalmaxpool1d:{},"dense:{'units': 3, 'activation': 'relu'}"
113,"[0.522, 0.7079799323305682, 0.6932292003631592]",-1.4012091326937273,"denovo:{'filters': 3, 'kernel_size': 8, 'lambda_pos': 0.0001, 'lambda_l1': 0.0001, 'lambda_filter': 1e-08, 'name': 'conv1'}",identity:{},globalmaxpool1d:{},"dense:{'units': 10, 'activation': 'relu'}"
114,"[0.495, 0.7098608596340303, 0.6935105810165405]",-1.4033714406505708,"denovo:{'filters': 3, 'kernel_size': 8, 'lambda_pos': 0.0001, 'lambda_l1': 0.0001, 'lambda_filter': 1e-08, 'name': 'conv1'}",identity:{},globalmaxpool1d:{},identity:{}
115,"[0.5035, 0.8055057358796011, 0.693142566204071]",-1.498648302083672,"denovo:{'filters': 3, 'kernel_size': 8, 'lambda_pos': 0.0001, 'lambda_l1': 0.0001, 'lambda_filter': 1e-08, 'name': 'conv1'}",identity:{},globalavgpool1d:{},"dense:{'units': 3, 'activation': 'relu'}"
116,"[0.5765, 0.648777609636217, 0.6821906352043152]",-1.3309682448405322,"denovo:{'filters': 3, 'kernel_size': 8, 'lambda_pos': 0.0001, 'lambda_l1': 0.0001, 'lambda_filter': 1e-08, 'name': 'conv1'}",identity:{},globalavgpool1d:{},"dense:{'units': 10, 'activation': 'relu'}"
117,"[0.5035, 0.7550409758069196, 0.6931471519470215]",-1.4481881277539412,"denovo:{'filters': 3, 'kernel_size': 8, 'lambda_pos': 0.0001, 'lambda_l1': 0.0001, 'lambda_filter': 1e-08, 'name': 'conv1'}",identity:{},globalavgpool1d:{},identity:{}
118,"[0.6735, 1.3491740736060456, 0.6033565382957459]",-1.9525306119017913,"denovo:{'filters': 3, 'kernel_size': 8, 'lambda_pos': 0.0001, 'lambda_l1': 0.0001, 'lambda_filter': 1e-08, 'name': 'conv1'}",identity:{},"sfc:{'output_dim': 10, 'symmetric': True, 'smoothness_penalty': 1.0, 'smoothness_l1': True, 'smoothness_second_diff': True, 'curvature_constraint': 10.0, 'name': 'sfc'}","dense:{'units': 3, 'activation': 'relu'}"
119,"[0.6585, 0.8055057358796011, 0.6279316124916077]",-1.4334373483712088,"denovo:{'filters': 3, 'kernel_size': 8, 'lambda_pos': 0.0001, 'lambda_l1': 0.0001, 'lambda_filter': 1e-08, 'name': 'conv1'}",identity:{},"sfc:{'output_dim': 10, 'symmetric': True, 'smoothness_penalty': 1.0, 'smoothness_l1': True, 'smoothness_second_diff': True, 'curvature_constraint': 10.0, 'name': 'sfc'}","dense:{'units': 10, 'activation': 'relu'}"
120,"[0.6685, 0.7345412712732103, 0.6200983877182007]",-1.354639658991411,"denovo:{'filters': 3, 'kernel_size': 8, 'lambda_pos': 0.0001, 'lambda_l1': 0.0001, 'lambda_filter': 1e-08, 'name': 'conv1'}",identity:{},"sfc:{'output_dim': 10, 'symmetric': True, 'smoothness_penalty': 1.0, 'smoothness_l1': True, 'smoothness_second_diff': True, 'curvature_constraint': 10.0, 'name': 'sfc'}",identity:{}
121,"[0.5035, 0.8055057358796011, 0.6931393766403198]",-1.4986451125199207,"denovo:{'filters': 3, 'kernel_size': 8, 'lambda_pos': 0.0001, 'lambda_l1': 0.0001, 'lambda_filter': 1e-08, 'name': 'conv1'}","maxpool1d:{'pool_size': 8, 'strides': 8}",flatten:{},"dense:{'units': 3, 'activation': 'relu'}"
122,"[0.6375, 0.36920702721482457, 0.6429635882377625]",-1.012170615452587,"denovo:{'filters': 3, 'kernel_size': 8, 'lambda_pos': 0.0001, 'lambda_l1': 0.0001, 'lambda_filter': 1e-08, 'name': 'conv1'}","maxpool1d:{'pool_size': 8, 'strides': 8}",flatten:{},"dense:{'units': 10, 'activation': 'relu'}"
123,"[0.6165, 0.5938925437421868, 0.6690281863212586]",-1.2629207300634455,"denovo:{'filters': 3, 'kernel_size': 8, 'lambda_pos': 0.0001, 'lambda_l1': 0.0001, 'lambda_filter': 1e-08, 'name': 'conv1'}","maxpool1d:{'pool_size': 8, 'strides': 8}",flatten:{},identity:{}
124,"[0.9795, 0.195927318030724, 0.08459994471073151]",-0.2805272627414555,"denovo:{'filters': 3, 'kernel_size': 8, 'lambda_pos': 0.0001, 'lambda_l1': 0.0001, 'lambda_filter': 1e-08, 'name': 'conv1'}","maxpool1d:{'pool_size': 8, 'strides': 8}",globalmaxpool1d:{},"dense:{'units': 3, 'activation': 'relu'}"
125,"[0.9485, 0.2726883775836774, 0.17924439430236816]",-0.4519327718860456,"denovo:{'filters': 3, 'kernel_size': 8, 'lambda_pos': 0.0001, 'lambda_l1': 0.0001, 'lambda_filter': 1e-08, 'name': 'conv1'}","maxpool1d:{'pool_size': 8, 'strides': 8}",globalmaxpool1d:{},"dense:{'units': 10, 'activation': 'relu'}"
126,"[0.9145, 0.24907635068438944, 0.5168469052314758]",-0.7659232559158653,"denovo:{'filters': 3, 'kernel_size': 8, 'lambda_pos': 0.0001, 'lambda_l1': 0.0001, 'lambda_filter': 1e-08, 'name': 'conv1'}","maxpool1d:{'pool_size': 8, 'strides': 8}",globalmaxpool1d:{},identity:{}
127,"[0.608, 0.5789799811374778, 0.6856546020507812]",-1.264634583188259,"denovo:{'filters': 3, 'kernel_size': 8, 'lambda_pos': 0.0001, 'lambda_l1': 0.0001, 'lambda_filter': 1e-08, 'name': 'conv1'}","maxpool1d:{'pool_size': 8, 'strides': 8}",globalavgpool1d:{},"dense:{'units': 3, 'activation': 'relu'}"
128,"[0.6015, 0.6084857108975837, 0.6816326608657837]",-1.2901183717633673,"denovo:{'filters': 3, 'kernel_size': 8, 'lambda_pos': 0.0001, 'lambda_l1': 0.0001, 'lambda_filter': 1e-08, 'name': 'conv1'}","maxpool1d:{'pool_size': 8, 'strides': 8}",globalavgpool1d:{},"dense:{'units': 10, 'activation': 'relu'}"
129,"[0.6135, 0.502095685701079, 0.6852796244621276]",-1.1873753101632065,"denovo:{'filters': 3, 'kernel_size': 8, 'lambda_pos': 0.0001, 'lambda_l1': 0.0001, 'lambda_filter': 1e-08, 'name': 'conv1'}","maxpool1d:{'pool_size': 8, 'strides': 8}",globalavgpool1d:{},identity:{}
130,"[0.6805, 0.5146044599221576, 0.6085827469825744]",-1.1231872069047322,"denovo:{'filters': 3, 'kernel_size': 8, 'lambda_pos': 0.0001, 'lambda_l1': 0.0001, 'lambda_filter': 1e-08, 'name': 'conv1'}","maxpool1d:{'pool_size': 8, 'strides': 8}","sfc:{'output_dim': 10, 'symmetric': True, 'smoothness_penalty': 1.0, 'smoothness_l1': True, 'smoothness_second_diff': True, 'curvature_constraint': 10.0, 'name': 'sfc'}","dense:{'units': 3, 'activation': 'relu'}"
131,"[0.6815, 0.4377398313310076, 0.6039855375289916]",-1.0417253688599992,"denovo:{'filters': 3, 'kernel_size': 8, 'lambda_pos': 0.0001, 'lambda_l1': 0.0001, 'lambda_filter': 1e-08, 'name': 'conv1'}","maxpool1d:{'pool_size': 8, 'strides': 8}","sfc:{'output_dim': 10, 'symmetric': True, 'smoothness_penalty': 1.0, 'smoothness_l1': True, 'smoothness_second_diff': True, 'curvature_constraint': 10.0, 'name': 'sfc'}","dense:{'units': 10, 'activation': 'relu'}"
132,"[0.642, 0.4041297548659609, 0.632524754524231]",-1.0366545093901918,"denovo:{'filters': 3, 'kernel_size': 8, 'lambda_pos': 0.0001, 'lambda_l1': 0.0001, 'lambda_filter': 1e-08, 'name': 'conv1'}","maxpool1d:{'pool_size': 8, 'strides': 8}","sfc:{'output_dim': 10, 'symmetric': True, 'smoothness_penalty': 1.0, 'smoothness_l1': True, 'smoothness_second_diff': True, 'curvature_constraint': 10.0, 'name': 'sfc'}",identity:{}
133,"[0.5035, 0.8055057358796011, 0.6931470561027527]",-1.4986527919823538,"denovo:{'filters': 3, 'kernel_size': 8, 'lambda_pos': 0.0001, 'lambda_l1': 0.0001, 'lambda_filter': 1e-08, 'name': 'conv1'}","avgpool1d:{'pool_size': 8, 'strides': 8}",flatten:{},"dense:{'units': 3, 'activation': 'relu'}"
134,"[0.4945, 0.8487227034210884, 0.6959271936416626]",-1.544649897062751,"denovo:{'filters': 3, 'kernel_size': 8, 'lambda_pos': 0.0001, 'lambda_l1': 0.0001, 'lambda_filter': 1e-08, 'name': 'conv1'}","avgpool1d:{'pool_size': 8, 'strides': 8}",flatten:{},"dense:{'units': 10, 'activation': 'relu'}"
135,"[0.5765, 0.9089214894373803, 0.682358401298523]",-1.5912798907359034,"denovo:{'filters': 3, 'kernel_size': 8, 'lambda_pos': 0.0001, 'lambda_l1': 0.0001, 'lambda_filter': 1e-08, 'name': 'conv1'}","avgpool1d:{'pool_size': 8, 'strides': 8}",flatten:{},identity:{}
136,"[0.646, 0.8055057358796011, 0.6528067765235901]",-1.4583125124031913,"denovo:{'filters': 3, 'kernel_size': 8, 'lambda_pos': 0.0001, 'lambda_l1': 0.0001, 'lambda_filter': 1e-08, 'name': 'conv1'}","avgpool1d:{'pool_size': 8, 'strides': 8}",globalmaxpool1d:{},"dense:{'units': 3, 'activation': 'relu'}"
137,"[0.5205, 0.706790437037483, 0.6932853050231934]",-1.4000757420606764,"denovo:{'filters': 3, 'kernel_size': 8, 'lambda_pos': 0.0001, 'lambda_l1': 0.0001, 'lambda_filter': 1e-08, 'name': 'conv1'}","avgpool1d:{'pool_size': 8, 'strides': 8}",globalmaxpool1d:{},"dense:{'units': 10, 'activation': 'relu'}"
138,"[0.5035, 0.8055057358796011, 0.6931227340698242]",-1.4986284699494252,"denovo:{'filters': 3, 'kernel_size': 8, 'lambda_pos': 0.0001, 'lambda_l1': 0.0001, 'lambda_filter': 1e-08, 'name': 'conv1'}","avgpool1d:{'pool_size': 8, 'strides': 8}",globalmaxpool1d:{},identity:{}
139,"[0.586, 0.906139605333421, 0.6759806985855102]",-1.582120303918931,"denovo:{'filters': 3, 'kernel_size': 8, 'lambda_pos': 0.0001, 'lambda_l1': 0.0001, 'lambda_filter': 1e-08, 'name': 'conv1'}","avgpool1d:{'pool_size': 8, 'strides': 8}",globalavgpool1d:{},"dense:{'units': 3, 'activation': 'relu'}"
140,"[0.588, 0.6609210590552617, 0.6772650389671325]",-1.338186098022394,"denovo:{'filters': 3, 'kernel_size': 8, 'lambda_pos': 0.0001, 'lambda_l1': 0.0001, 'lambda_filter': 1e-08, 'name': 'conv1'}","avgpool1d:{'pool_size': 8, 'strides': 8}",globalavgpool1d:{},"dense:{'units': 10, 'activation': 'relu'}"
141,"[0.57, 0.8495607699326333, 0.6898561353683472]",-1.5394169053009805,"denovo:{'filters': 3, 'kernel_size': 8, 'lambda_pos': 0.0001, 'lambda_l1': 0.0001, 'lambda_filter': 1e-08, 'name': 'conv1'}","avgpool1d:{'pool_size': 8, 'strides': 8}",globalavgpool1d:{},identity:{}
142,"[0.5845, 1.0303015006818903, 0.6738037543296814]",-1.7041052550115716,"denovo:{'filters': 3, 'kernel_size': 8, 'lambda_pos': 0.0001, 'lambda_l1': 0.0001, 'lambda_filter': 1e-08, 'name': 'conv1'}","avgpool1d:{'pool_size': 8, 'strides': 8}","sfc:{'output_dim': 10, 'symmetric': True, 'smoothness_penalty': 1.0, 'smoothness_l1': True, 'smoothness_second_diff': True, 'curvature_constraint': 10.0, 'name': 'sfc'}","dense:{'units': 3, 'activation': 'relu'}"
143,"[0.5035, 0.7169758411917208, 0.6934909634590148]",-1.4104668046507356,"denovo:{'filters': 3, 'kernel_size': 8, 'lambda_pos': 0.0001, 'lambda_l1': 0.0001, 'lambda_filter': 1e-08, 'name': 'conv1'}","avgpool1d:{'pool_size': 8, 'strides': 8}","sfc:{'output_dim': 10, 'symmetric': True, 'smoothness_penalty': 1.0, 'smoothness_l1': True, 'smoothness_second_diff': True, 'curvature_constraint': 10.0, 'name': 'sfc'}","dense:{'units': 10, 'activation': 'relu'}"
144,"[0.58, 0.9382192269694787, 0.6721034603118896]",-1.6103226872813683,"denovo:{'filters': 3, 'kernel_size': 8, 'lambda_pos': 0.0001, 'lambda_l1': 0.0001, 'lambda_filter': 1e-08, 'name': 'conv1'}","avgpool1d:{'pool_size': 8, 'strides': 8}","sfc:{'output_dim': 10, 'symmetric': True, 'smoothness_penalty': 1.0, 'smoothness_l1': True, 'smoothness_second_diff': True, 'curvature_constraint': 10.0, 'name': 'sfc'}",identity:{}
145,"[0.4965, 0.8055057358796011, 0.6931504149436951]",-1.498656150823296,"denovo:{'filters': 3, 'kernel_size': 14, 'lambda_pos': 0.0001, 'lambda_l1': 0.0001, 'lambda_filter': 1e-08, 'name': 'conv1'}",identity:{},flatten:{},"dense:{'units': 3, 'activation': 'relu'}"
146,"[0.5735, 0.7729575922910054, 0.6756430249214173]",-1.4486006172124226,"denovo:{'filters': 3, 'kernel_size': 14, 'lambda_pos': 0.0001, 'lambda_l1': 0.0001, 'lambda_filter': 1e-08, 'name': 'conv1'}",identity:{},flatten:{},"dense:{'units': 10, 'activation': 'relu'}"
147,"[0.59, 0.8369430223783716, 0.67275182056427]",-1.5096948429426416,"denovo:{'filters': 3, 'kernel_size': 14, 'lambda_pos': 0.0001, 'lambda_l1': 0.0001, 'lambda_filter': 1e-08, 'name': 'conv1'}",identity:{},flatten:{},identity:{}
148,"[0.9635, 0.16481838945853253, 0.200880642414093]",-0.36569903187262554,"denovo:{'filters': 3, 'kernel_size': 14, 'lambda_pos': 0.0001, 'lambda_l1': 0.0001, 'lambda_filter': 1e-08, 'name': 'conv1'}",identity:{},globalmaxpool1d:{},"dense:{'units': 3, 'activation': 'relu'}"
149,"[0.9705, 0.17416812737205362, 0.12932924711704255]",-0.3034973744890962,"denovo:{'filters': 3, 'kernel_size': 14, 'lambda_pos': 0.0001, 'lambda_l1': 0.0001, 'lambda_filter': 1e-08, 'name': 'conv1'}",identity:{},globalmaxpool1d:{},"dense:{'units': 10, 'activation': 'relu'}"
150,"[0.5035, 0.7498445536553874, 0.6931685724258423]",-1.4430131260812296,"denovo:{'filters': 3, 'kernel_size': 14, 'lambda_pos': 0.0001, 'lambda_l1': 0.0001, 'lambda_filter': 1e-08, 'name': 'conv1'}",identity:{},globalmaxpool1d:{},identity:{}
151,"[0.5035, 0.8055057358796011, 0.6931446099281311]",-1.4986503458077323,"denovo:{'filters': 3, 'kernel_size': 14, 'lambda_pos': 0.0001, 'lambda_l1': 0.0001, 'lambda_filter': 1e-08, 'name': 'conv1'}",identity:{},globalavgpool1d:{},"dense:{'units': 3, 'activation': 'relu'}"
152,"[0.5825, 0.8519530631557122, 0.6789708561897277]",-1.5309239193454398,"denovo:{'filters': 3, 'kernel_size': 14, 'lambda_pos': 0.0001, 'lambda_l1': 0.0001, 'lambda_filter': 1e-08, 'name': 'conv1'}",identity:{},globalavgpool1d:{},"dense:{'units': 10, 'activation': 'relu'}"
153,"[0.581, 0.8070482347735936, 0.6895493288040161]",-1.4965975635776096,"denovo:{'filters': 3, 'kernel_size': 14, 'lambda_pos': 0.0001, 'lambda_l1': 0.0001, 'lambda_filter': 1e-08, 'name': 'conv1'}",identity:{},globalavgpool1d:{},identity:{}
154,"[0.4965, 0.8055057358796011, 0.6935760617256165]",-1.4990817976052175,"denovo:{'filters': 3, 'kernel_size': 14, 'lambda_pos': 0.0001, 'lambda_l1': 0.0001, 'lambda_filter': 1e-08, 'name': 'conv1'}",identity:{},"sfc:{'output_dim': 10, 'symmetric': True, 'smoothness_penalty': 1.0, 'smoothness_l1': True, 'smoothness_second_diff': True, 'curvature_constraint': 10.0, 'name': 'sfc'}","dense:{'units': 3, 'activation': 'relu'}"
155,"[0.6985, 0.8504470927404607, 0.5887170705795288]",-1.4391641633199894,"denovo:{'filters': 3, 'kernel_size': 14, 'lambda_pos': 0.0001, 'lambda_l1': 0.0001, 'lambda_filter': 1e-08, 'name': 'conv1'}",identity:{},"sfc:{'output_dim': 10, 'symmetric': True, 'smoothness_penalty': 1.0, 'smoothness_l1': True, 'smoothness_second_diff': True, 'curvature_constraint': 10.0, 'name': 'sfc'}","dense:{'units': 10, 'activation': 'relu'}"
156,"[0.569, 0.6598656530164265, 0.6742402853965759]",-1.3341059384130025,"denovo:{'filters': 3, 'kernel_size': 14, 'lambda_pos': 0.0001, 'lambda_l1': 0.0001, 'lambda_filter': 1e-08, 'name': 'conv1'}",identity:{},"sfc:{'output_dim': 10, 'symmetric': True, 'smoothness_penalty': 1.0, 'smoothness_l1': True, 'smoothness_second_diff': True, 'curvature_constraint': 10.0, 'name': 'sfc'}",identity:{}
157,"[0.4965, 0.8055057358796011, 0.693150472164154]",-1.498656208043755,"denovo:{'filters': 3, 'kernel_size': 14, 'lambda_pos': 0.0001, 'lambda_l1': 0.0001, 'lambda_filter': 1e-08, 'name': 'conv1'}","maxpool1d:{'pool_size': 8, 'strides': 8}",flatten:{},"dense:{'units': 3, 'activation': 'relu'}"
158,"[0.6605, 0.45932516424482694, 0.6240221705436707]",-1.0833473347884977,"denovo:{'filters': 3, 'kernel_size': 14, 'lambda_pos': 0.0001, 'lambda_l1': 0.0001, 'lambda_filter': 1e-08, 'name': 'conv1'}","maxpool1d:{'pool_size': 8, 'strides': 8}",flatten:{},"dense:{'units': 10, 'activation': 'relu'}"
159,"[0.628, 0.425482343519208, 0.6546339282989502]",-1.080116271818158,"denovo:{'filters': 3, 'kernel_size': 14, 'lambda_pos': 0.0001, 'lambda_l1': 0.0001, 'lambda_filter': 1e-08, 'name': 'conv1'}","maxpool1d:{'pool_size': 8, 'strides': 8}",flatten:{},identity:{}
160,"[0.974, 0.1954750287766047, 0.12908642268180848]",-0.3245614514584132,"denovo:{'filters': 3, 'kernel_size': 14, 'lambda_pos': 0.0001, 'lambda_l1': 0.0001, 'lambda_filter': 1e-08, 'name': 'conv1'}","maxpool1d:{'pool_size': 8, 'strides': 8}",globalmaxpool1d:{},"dense:{'units': 3, 'activation': 'relu'}"
161,"[0.9675, 0.13718495302113742, 0.09822126817703247]",-0.2354062211981699,"denovo:{'filters': 3, 'kernel_size': 14, 'lambda_pos': 0.0001, 'lambda_l1': 0.0001, 'lambda_filter': 1e-08, 'name': 'conv1'}","maxpool1d:{'pool_size': 8, 'strides': 8}",globalmaxpool1d:{},"dense:{'units': 10, 'activation': 'relu'}"
162,"[0.5035, 0.75372473887482, 0.6931689496040344]",-1.4468936884788546,"denovo:{'filters': 3, 'kernel_size': 14, 'lambda_pos': 0.0001, 'lambda_l1': 0.0001, 'lambda_filter': 1e-08, 'name': 'conv1'}","maxpool1d:{'pool_size': 8, 'strides': 8}",globalmaxpool1d:{},identity:{}
163,"[0.6115, 0.5171866670261073, 0.6850895099639892]",-1.2022761769900965,"denovo:{'filters': 3, 'kernel_size': 14, 'lambda_pos': 0.0001, 'lambda_l1': 0.0001, 'lambda_filter': 1e-08, 'name': 'conv1'}","maxpool1d:{'pool_size': 8, 'strides': 8}",globalavgpool1d:{},"dense:{'units': 3, 'activation': 'relu'}"
164,"[0.632, 0.35054166087170857, 0.6564905462265015]",-1.00703220709821,"denovo:{'filters': 3, 'kernel_size': 14, 'lambda_pos': 0.0001, 'lambda_l1': 0.0001, 'lambda_filter': 1e-08, 'name': 'conv1'}","maxpool1d:{'pool_size': 8, 'strides': 8}",globalavgpool1d:{},"dense:{'units': 10, 'activation': 'relu'}"
165,"[0.618, 0.5147136366667755, 0.6862616887092591]",-1.2009753253760347,"denovo:{'filters': 3, 'kernel_size': 14, 'lambda_pos': 0.0001, 'lambda_l1': 0.0001, 'lambda_filter': 1e-08, 'name': 'conv1'}","maxpool1d:{'pool_size': 8, 'strides': 8}",globalavgpool1d:{},identity:{}
166,"[0.64, 0.3551400079224386, 0.6441120691299439]",-0.9992520770523825,"denovo:{'filters': 3, 'kernel_size': 14, 'lambda_pos': 0.0001, 'lambda_l1': 0.0001, 'lambda_filter': 1e-08, 'name': 'conv1'}","maxpool1d:{'pool_size': 8, 'strides': 8}","sfc:{'output_dim': 10, 'symmetric': True, 'smoothness_penalty': 1.0, 'smoothness_l1': True, 'smoothness_second_diff': True, 'curvature_constraint': 10.0, 'name': 'sfc'}","dense:{'units': 3, 'activation': 'relu'}"
167,"[0.715, 0.514532096789004, 0.572852744102478]",-1.087384840891482,"denovo:{'filters': 3, 'kernel_size': 14, 'lambda_pos': 0.0001, 'lambda_l1': 0.0001, 'lambda_filter': 1e-08, 'name': 'conv1'}","maxpool1d:{'pool_size': 8, 'strides': 8}","sfc:{'output_dim': 10, 'symmetric': True, 'smoothness_penalty': 1.0, 'smoothness_l1': True, 'smoothness_second_diff': True, 'curvature_constraint': 10.0, 'name': 'sfc'}","dense:{'units': 10, 'activation': 'relu'}"
168,"[0.676, 0.4559793971081134, 0.6024256243705749]",-1.0584050214786882,"denovo:{'filters': 3, 'kernel_size': 14, 'lambda_pos': 0.0001, 'lambda_l1': 0.0001, 'lambda_filter': 1e-08, 'name': 'conv1'}","maxpool1d:{'pool_size': 8, 'strides': 8}","sfc:{'output_dim': 10, 'symmetric': True, 'smoothness_penalty': 1.0, 'smoothness_l1': True, 'smoothness_second_diff': True, 'curvature_constraint': 10.0, 'name': 'sfc'}",identity:{}
169,"[0.586, 0.8231929148160851, 0.6744609217643738]",-1.4976538365804588,"denovo:{'filters': 3, 'kernel_size': 14, 'lambda_pos': 0.0001, 'lambda_l1': 0.0001, 'lambda_filter': 1e-08, 'name': 'conv1'}","avgpool1d:{'pool_size': 8, 'strides': 8}",flatten:{},"dense:{'units': 3, 'activation': 'relu'}"
170,"[0.5845, 0.747183127550487, 0.6709866771697998]",-1.4181698047202866,"denovo:{'filters': 3, 'kernel_size': 14, 'lambda_pos': 0.0001, 'lambda_l1': 0.0001, 'lambda_filter': 1e-08, 'name': 'conv1'}","avgpool1d:{'pool_size': 8, 'strides': 8}",flatten:{},"dense:{'units': 10, 'activation': 'relu'}"
171,"[0.5815, 0.7894092460829808, 0.675716374874115]",-1.4651256209570958,"denovo:{'filters': 3, 'kernel_size': 14, 'lambda_pos': 0.0001, 'lambda_l1': 0.0001, 'lambda_filter': 1e-08, 'name': 'conv1'}","avgpool1d:{'pool_size': 8, 'strides': 8}",flatten:{},identity:{}
172,"[0.4965, 0.7997254429455234, 0.6931501402854919]",-1.4928755832310152,"denovo:{'filters': 3, 'kernel_size': 14, 'lambda_pos': 0.0001, 'lambda_l1': 0.0001, 'lambda_filter': 1e-08, 'name': 'conv1'}","avgpool1d:{'pool_size': 8, 'strides': 8}",globalmaxpool1d:{},"dense:{'units': 3, 'activation': 'relu'}"
173,"[0.667, 0.7136130098011617, 0.6278275570869446]",-1.3414405668881062,"denovo:{'filters': 3, 'kernel_size': 14, 'lambda_pos': 0.0001, 'lambda_l1': 0.0001, 'lambda_filter': 1e-08, 'name': 'conv1'}","avgpool1d:{'pool_size': 8, 'strides': 8}",globalmaxpool1d:{},"dense:{'units': 10, 'activation': 'relu'}"
174,"[0.623, 0.9190581219474083, 0.6851125440597534]",-1.6041706660071617,"denovo:{'filters': 3, 'kernel_size': 14, 'lambda_pos': 0.0001, 'lambda_l1': 0.0001, 'lambda_filter': 1e-08, 'name': 'conv1'}","avgpool1d:{'pool_size': 8, 'strides': 8}",globalmaxpool1d:{},identity:{}
175,"[0.576, 0.7201913455102452, 0.683414900302887]",-1.4036062458131322,"denovo:{'filters': 3, 'kernel_size': 14, 'lambda_pos': 0.0001, 'lambda_l1': 0.0001, 'lambda_filter': 1e-08, 'name': 'conv1'}","avgpool1d:{'pool_size': 8, 'strides': 8}",globalavgpool1d:{},"dense:{'units': 3, 'activation': 'relu'}"
176,"[0.582, 0.65086872449312, 0.6828870248794555]",-1.3337557493725756,"denovo:{'filters': 3, 'kernel_size': 14, 'lambda_pos': 0.0001, 'lambda_l1': 0.0001, 'lambda_filter': 1e-08, 'name': 'conv1'}","avgpool1d:{'pool_size': 8, 'strides': 8}",globalavgpool1d:{},"dense:{'units': 10, 'activation': 'relu'}"
177,"[0.587, 0.6367147721394383, 0.6876565551757813]",-1.3243713273152196,"denovo:{'filters': 3, 'kernel_size': 14, 'lambda_pos': 0.0001, 'lambda_l1': 0.0001, 'lambda_filter': 1e-08, 'name': 'conv1'}","avgpool1d:{'pool_size': 8, 'strides': 8}",globalavgpool1d:{},identity:{}
178,"[0.611, 0.6525735478989255, 0.6599482269287109]",-1.3125217748276365,"denovo:{'filters': 3, 'kernel_size': 14, 'lambda_pos': 0.0001, 'lambda_l1': 0.0001, 'lambda_filter': 1e-08, 'name': 'conv1'}","avgpool1d:{'pool_size': 8, 'strides': 8}","sfc:{'output_dim': 10, 'symmetric': True, 'smoothness_penalty': 1.0, 'smoothness_l1': True, 'smoothness_second_diff': True, 'curvature_constraint': 10.0, 'name': 'sfc'}","dense:{'units': 3, 'activation': 'relu'}"
179,"[0.6195, 0.6301288428894459, 0.6523999552726746]",-1.2825287981621205,"denovo:{'filters': 3, 'kernel_size': 14, 'lambda_pos': 0.0001, 'lambda_l1': 0.0001, 'lambda_filter': 1e-08, 'name': 'conv1'}","avgpool1d:{'pool_size': 8, 'strides': 8}","sfc:{'output_dim': 10, 'symmetric': True, 'smoothness_penalty': 1.0, 'smoothness_l1': True, 'smoothness_second_diff': True, 'curvature_constraint': 10.0, 'name': 'sfc'}","dense:{'units': 10, 'activation': 'relu'}"
180,"[0.62, 0.5652115048071439, 0.6545334668159485]",-1.2197449716230924,"denovo:{'filters': 3, 'kernel_size': 14, 'lambda_pos': 0.0001, 'lambda_l1': 0.0001, 'lambda_filter': 1e-08, 'name': 'conv1'}","avgpool1d:{'pool_size': 8, 'strides': 8}","sfc:{'output_dim': 10, 'symmetric': True, 'smoothness_penalty': 1.0, 'smoothness_l1': True, 'smoothness_second_diff': True, 'curvature_constraint': 10.0, 'name': 'sfc'}",identity:{}
181,"[0.5035, 0.8055057358796011, 0.6931424627304077]",-1.4986481986100086,"denovo:{'filters': 3, 'kernel_size': 20, 'lambda_pos': 0.0001, 'lambda_l1': 0.0001, 'lambda_filter': 1e-08, 'name': 'conv1'}",identity:{},flatten:{},"dense:{'units': 3, 'activation': 'relu'}"
182,"[0.581, 0.7434649855814873, 0.6756504712104797]",-1.419115456791967,"denovo:{'filters': 3, 'kernel_size': 20, 'lambda_pos': 0.0001, 'lambda_l1': 0.0001, 'lambda_filter': 1e-08, 'name': 'conv1'}",identity:{},flatten:{},"dense:{'units': 10, 'activation': 'relu'}"
183,"[0.576, 0.7653937524087114, 0.674803840637207]",-1.4401975930459185,"denovo:{'filters': 3, 'kernel_size': 20, 'lambda_pos': 0.0001, 'lambda_l1': 0.0001, 'lambda_filter': 1e-08, 'name': 'conv1'}",identity:{},flatten:{},identity:{}
184,"[0.953, 0.10664998098776476, 0.22795672512054443]",-0.3346067061083092,"denovo:{'filters': 3, 'kernel_size': 20, 'lambda_pos': 0.0001, 'lambda_l1': 0.0001, 'lambda_filter': 1e-08, 'name': 'conv1'}",identity:{},globalmaxpool1d:{},"dense:{'units': 3, 'activation': 'relu'}"
185,"[0.9635, 0.20345041003768172, 0.13651538705825805]",-0.33996579709593977,"denovo:{'filters': 3, 'kernel_size': 20, 'lambda_pos': 0.0001, 'lambda_l1': 0.0001, 'lambda_filter': 1e-08, 'name': 'conv1'}",identity:{},globalmaxpool1d:{},"dense:{'units': 10, 'activation': 'relu'}"
186,"[0.95, 0.10197979351748762, 0.4195592200756073]",-0.521539013593095,"denovo:{'filters': 3, 'kernel_size': 20, 'lambda_pos': 0.0001, 'lambda_l1': 0.0001, 'lambda_filter': 1e-08, 'name': 'conv1'}",identity:{},globalmaxpool1d:{},identity:{}
187,"[0.5035, 0.8055057358796011, 0.6931456136703491]",-1.49865134954995,"denovo:{'filters': 3, 'kernel_size': 20, 'lambda_pos': 0.0001, 'lambda_l1': 0.0001, 'lambda_filter': 1e-08, 'name': 'conv1'}",identity:{},globalavgpool1d:{},"dense:{'units': 3, 'activation': 'relu'}"
188,"[0.585, 0.661448893827419, 0.6776305484771729]",-1.339079442304592,"denovo:{'filters': 3, 'kernel_size': 20, 'lambda_pos': 0.0001, 'lambda_l1': 0.0001, 'lambda_filter': 1e-08, 'name': 'conv1'}",identity:{},globalavgpool1d:{},"dense:{'units': 10, 'activation': 'relu'}"
189,"[0.5355, 0.7821524242704322, 0.6931259384155274]",-1.4752783626859596,"denovo:{'filters': 3, 'kernel_size': 20, 'lambda_pos': 0.0001, 'lambda_l1': 0.0001, 'lambda_filter': 1e-08, 'name': 'conv1'}",identity:{},globalavgpool1d:{},identity:{}
190,"[0.4965, 0.8055057358796011, 0.6936618084907532]",-1.4991675443703543,"denovo:{'filters': 3, 'kernel_size': 20, 'lambda_pos': 0.0001, 'lambda_l1': 0.0001, 'lambda_filter': 1e-08, 'name': 'conv1'}",identity:{},"sfc:{'output_dim': 10, 'symmetric': True, 'smoothness_penalty': 1.0, 'smoothness_l1': True, 'smoothness_second_diff': True, 'curvature_constraint': 10.0, 'name': 'sfc'}","dense:{'units': 3, 'activation': 'relu'}"
191,"[0.6885, 0.657681909228243, 0.6027693438529969]",-1.2604512530812397,"denovo:{'filters': 3, 'kernel_size': 20, 'lambda_pos': 0.0001, 'lambda_l1': 0.0001, 'lambda_filter': 1e-08, 'name': 'conv1'}",identity:{},"sfc:{'output_dim': 10, 'symmetric': True, 'smoothness_penalty': 1.0, 'smoothness_l1': True, 'smoothness_second_diff': True, 'curvature_constraint': 10.0, 'name': 'sfc'}","dense:{'units': 10, 'activation': 'relu'}"
192,"[0.685, 0.7264263361290879, 0.6096978163719178]",-1.3361241525010057,"denovo:{'filters': 3, 'kernel_size': 20, 'lambda_pos': 0.0001, 'lambda_l1': 0.0001, 'lambda_filter': 1e-08, 'name': 'conv1'}",identity:{},"sfc:{'output_dim': 10, 'symmetric': True, 'smoothness_penalty': 1.0, 'smoothness_l1': True, 'smoothness_second_diff': True, 'curvature_constraint': 10.0, 'name': 'sfc'}",identity:{}
193,"[0.6375, 0.49138182342210857, 0.6379199080467224]",-1.129301731468831,"denovo:{'filters': 3, 'kernel_size': 20, 'lambda_pos': 0.0001, 'lambda_l1': 0.0001, 'lambda_filter': 1e-08, 'name': 'conv1'}","maxpool1d:{'pool_size': 8, 'strides': 8}",flatten:{},"dense:{'units': 3, 'activation': 'relu'}"
194,"[0.662, 0.4649109631391031, 0.6118877191543579]",-1.076798682293461,"denovo:{'filters': 3, 'kernel_size': 20, 'lambda_pos': 0.0001, 'lambda_l1': 0.0001, 'lambda_filter': 1e-08, 'name': 'conv1'}","maxpool1d:{'pool_size': 8, 'strides': 8}",flatten:{},"dense:{'units': 10, 'activation': 'relu'}"
195,"[0.625, 0.42547678566852143, 0.6560177760124206]",-1.081494561680942,"denovo:{'filters': 3, 'kernel_size': 20, 'lambda_pos': 0.0001, 'lambda_l1': 0.0001, 'lambda_filter': 1e-08, 'name': 'conv1'}","maxpool1d:{'pool_size': 8, 'strides': 8}",flatten:{},identity:{}
196,"[0.9485, 0.14893158865970163, 0.19478695249557496]",-0.34371854115527656,"denovo:{'filters': 3, 'kernel_size': 20, 'lambda_pos': 0.0001, 'lambda_l1': 0.0001, 'lambda_filter': 1e-08, 'name': 'conv1'}","maxpool1d:{'pool_size': 8, 'strides': 8}",globalmaxpool1d:{},"dense:{'units': 3, 'activation': 'relu'}"
197,"[0.9435, 0.22437871758447414, 0.21123205667734146]",-0.4356107742618156,"denovo:{'filters': 3, 'kernel_size': 20, 'lambda_pos': 0.0001, 'lambda_l1': 0.0001, 'lambda_filter': 1e-08, 'name': 'conv1'}","maxpool1d:{'pool_size': 8, 'strides': 8}",globalmaxpool1d:{},"dense:{'units': 10, 'activation': 'relu'}"
198,"[0.9435, 0.10351655657959612, 0.30389788031578063]",-0.40741443689537676,"denovo:{'filters': 3, 'kernel_size': 20, 'lambda_pos': 0.0001, 'lambda_l1': 0.0001, 'lambda_filter': 1e-08, 'name': 'conv1'}","maxpool1d:{'pool_size': 8, 'strides': 8}",globalmaxpool1d:{},identity:{}
199,"[0.599, 0.49087133970433583, 0.687133086681366]",-1.178004426385702,"denovo:{'filters': 3, 'kernel_size': 20, 'lambda_pos': 0.0001, 'lambda_l1': 0.0001, 'lambda_filter': 1e-08, 'name': 'conv1'}","maxpool1d:{'pool_size': 8, 'strides': 8}",globalavgpool1d:{},"dense:{'units': 3, 'activation': 'relu'}"
200,"[0.625, 0.42219273466029017, 0.6569167866706848]",-1.079109521330975,"denovo:{'filters': 3, 'kernel_size': 20, 'lambda_pos': 0.0001, 'lambda_l1': 0.0001, 'lambda_filter': 1e-08, 'name': 'conv1'}","maxpool1d:{'pool_size': 8, 'strides': 8}",globalavgpool1d:{},"dense:{'units': 10, 'activation': 'relu'}"
201,"[0.5035, 0.8055057358796011, 0.6931230430603027]",-1.4986287789399038,"denovo:{'filters': 3, 'kernel_size': 20, 'lambda_pos': 0.0001, 'lambda_l1': 0.0001, 'lambda_filter': 1e-08, 'name': 'conv1'}","maxpool1d:{'pool_size': 8, 'strides': 8}",globalavgpool1d:{},identity:{}
202,"[0.5035, 0.8055057358796011, 0.6934482421875]",-1.498953978067101,"denovo:{'filters': 3, 'kernel_size': 20, 'lambda_pos': 0.0001, 'lambda_l1': 0.0001, 'lambda_filter': 1e-08, 'name': 'conv1'}","maxpool1d:{'pool_size': 8, 'strides': 8}","sfc:{'output_dim': 10, 'symmetric': True, 'smoothness_penalty': 1.0, 'smoothness_l1': True, 'smoothness_second_diff': True, 'curvature_constraint': 10.0, 'name': 'sfc'}","dense:{'units': 3, 'activation': 'relu'}"
203,"[0.7095, 0.5159258132478773, 0.5659544744491577]",-1.081880287697035,"denovo:{'filters': 3, 'kernel_size': 20, 'lambda_pos': 0.0001, 'lambda_l1': 0.0001, 'lambda_filter': 1e-08, 'name': 'conv1'}","maxpool1d:{'pool_size': 8, 'strides': 8}","sfc:{'output_dim': 10, 'symmetric': True, 'smoothness_penalty': 1.0, 'smoothness_l1': True, 'smoothness_second_diff': True, 'curvature_constraint': 10.0, 'name': 'sfc'}","dense:{'units': 10, 'activation': 'relu'}"
204,"[0.6955, 0.4784377767590595, 0.5937313928604125]",-1.072169169619472,"denovo:{'filters': 3, 'kernel_size': 20, 'lambda_pos': 0.0001, 'lambda_l1': 0.0001, 'lambda_filter': 1e-08, 'name': 'conv1'}","maxpool1d:{'pool_size': 8, 'strides': 8}","sfc:{'output_dim': 10, 'symmetric': True, 'smoothness_penalty': 1.0, 'smoothness_l1': True, 'smoothness_second_diff': True, 'curvature_constraint': 10.0, 'name': 'sfc'}",identity:{}
205,"[0.5865, 0.5908248295883779, 0.6687370400428772]",-1.2595618696312552,"denovo:{'filters': 3, 'kernel_size': 20, 'lambda_pos': 0.0001, 'lambda_l1': 0.0001, 'lambda_filter': 1e-08, 'name': 'conv1'}","avgpool1d:{'pool_size': 8, 'strides': 8}",flatten:{},"dense:{'units': 3, 'activation': 'relu'}"
206,"[0.582, 0.7198488377877961, 0.6739126281738281]",-1.3937614659616242,"denovo:{'filters': 3, 'kernel_size': 20, 'lambda_pos': 0.0001, 'lambda_l1': 0.0001, 'lambda_filter': 1e-08, 'name': 'conv1'}","avgpool1d:{'pool_size': 8, 'strides': 8}",flatten:{},"dense:{'units': 10, 'activation': 'relu'}"
207,"[0.5725, 0.7098038600691677, 0.677986041545868]",-1.3877899016150357,"denovo:{'filters': 3, 'kernel_size': 20, 'lambda_pos': 0.0001, 'lambda_l1': 0.0001, 'lambda_filter': 1e-08, 'name': 'conv1'}","avgpool1d:{'pool_size': 8, 'strides': 8}",flatten:{},identity:{}
208,"[0.505, 0.7376992427064919, 0.6932790579795838]",-1.4309783006860757,"denovo:{'filters': 3, 'kernel_size': 20, 'lambda_pos': 0.0001, 'lambda_l1': 0.0001, 'lambda_filter': 1e-08, 'name': 'conv1'}","avgpool1d:{'pool_size': 8, 'strides': 8}",globalmaxpool1d:{},"dense:{'units': 3, 'activation': 'relu'}"
209,"[0.657, 0.8055057358796011, 0.650236123085022]",-1.4557418589646232,"denovo:{'filters': 3, 'kernel_size': 20, 'lambda_pos': 0.0001, 'lambda_l1': 0.0001, 'lambda_filter': 1e-08, 'name': 'conv1'}","avgpool1d:{'pool_size': 8, 'strides': 8}",globalmaxpool1d:{},"dense:{'units': 10, 'activation': 'relu'}"
210,"[0.4965, 0.8055057358796011, 0.6931526279449463]",-1.4986583638245472,"denovo:{'filters': 3, 'kernel_size': 20, 'lambda_pos': 0.0001, 'lambda_l1': 0.0001, 'lambda_filter': 1e-08, 'name': 'conv1'}","avgpool1d:{'pool_size': 8, 'strides': 8}",globalmaxpool1d:{},identity:{}
211,"[0.571, 0.7323039280494243, 0.6921421027183533]",-1.4244460307677778,"denovo:{'filters': 3, 'kernel_size': 20, 'lambda_pos': 0.0001, 'lambda_l1': 0.0001, 'lambda_filter': 1e-08, 'name': 'conv1'}","avgpool1d:{'pool_size': 8, 'strides': 8}",globalavgpool1d:{},"dense:{'units': 3, 'activation': 'relu'}"
212,"[0.581, 0.7115316717315858, 0.679915277481079]",-1.3914469492126649,"denovo:{'filters': 3, 'kernel_size': 20, 'lambda_pos': 0.0001, 'lambda_l1': 0.0001, 'lambda_filter': 1e-08, 'name': 'conv1'}","avgpool1d:{'pool_size': 8, 'strides': 8}",globalavgpool1d:{},"dense:{'units': 10, 'activation': 'relu'}"
213,"[0.567, 0.8023266895076338, 0.6928022799491882]",-1.495128969456822,"denovo:{'filters': 3, 'kernel_size': 20, 'lambda_pos': 0.0001, 'lambda_l1': 0.0001, 'lambda_filter': 1e-08, 'name': 'conv1'}","avgpool1d:{'pool_size': 8, 'strides': 8}",globalavgpool1d:{},identity:{}
214,"[0.586, 0.7572692528839173, 0.67296479845047]",-1.4302340513343874,"denovo:{'filters': 3, 'kernel_size': 20, 'lambda_pos': 0.0001, 'lambda_l1': 0.0001, 'lambda_filter': 1e-08, 'name': 'conv1'}","avgpool1d:{'pool_size': 8, 'strides': 8}","sfc:{'output_dim': 10, 'symmetric': True, 'smoothness_penalty': 1.0, 'smoothness_l1': True, 'smoothness_second_diff': True, 'curvature_constraint': 10.0, 'name': 'sfc'}","dense:{'units': 3, 'activation': 'relu'}"
215,"[0.615, 0.5990582892553072, 0.6551418409347535]",-1.2542001301900607,"denovo:{'filters': 3, 'kernel_size': 20, 'lambda_pos': 0.0001, 'lambda_l1': 0.0001, 'lambda_filter': 1e-08, 'name': 'conv1'}","avgpool1d:{'pool_size': 8, 'strides': 8}","sfc:{'output_dim': 10, 'symmetric': True, 'smoothness_penalty': 1.0, 'smoothness_l1': True, 'smoothness_second_diff': True, 'curvature_constraint': 10.0, 'name': 'sfc'}","dense:{'units': 10, 'activation': 'relu'}"
216,"[0.5845, 0.6515850092301081, 0.6700714535713196]",-1.3216564628014278,"denovo:{'filters': 3, 'kernel_size': 20, 'lambda_pos': 0.0001, 'lambda_l1': 0.0001, 'lambda_filter': 1e-08, 'name': 'conv1'}","avgpool1d:{'pool_size': 8, 'strides': 8}","sfc:{'output_dim': 10, 'symmetric': True, 'smoothness_penalty': 1.0, 'smoothness_l1': True, 'smoothness_second_diff': True, 'curvature_constraint': 10.0, 'name': 'sfc'}",identity:{}
